user_id,name,email,phone_number,location_id
1,Bakiadi Sihotang,wirdapadmasari@example.net,089 239 3913,5171
2,Bajragin Wibisono,parmanuyainah@example.org,+62 (039) 493 5243,3172
3,KH. Kuncara Yulianti,rirawan@example.net,(085) 698-1460,1375
4,Widya Winarsih,qyolanda@example.org,+62 (04) 717 5806,1371
5,Ajiman Maulana,laksitagaman@example.net,+62 (22) 105 8229,3172
6,Ir. Dalimin Latupono,yoktaviani@example.org,+62 (355) 115 4274,3471
7,Joko Mandasari,yolandabakda@example.net,(0149) 339-8803,5171
8,Enteng Purnawati,warsita93@example.net,084 256 4452,5171
9,Vera Simbolon,ssimbolon@example.org,(083) 007 8206,3175
10,Gasti Hutasoit,qsihombing@example.org,+62-22-203-8308,1375
11,Yani Damanik,manullanggaran@example.net,+62-085-433-6621,6472
12,Pangestu Nurdiyanti,cahyoyuliarti@example.net,(0418) 423 7254,7371
13,Zizi Rahmawati,upertiwi@example.com,+62-324-464-0450,3171
14,"Rina Lailasari, M.M.",asirwandanatsir@example.com,(014) 360-9519,6472
15,Gilda Wahyuni,teguh35@example.net,+62-273-671-0561,3173
16,Langgeng Sihotang,mansurkairav@example.net,(0163) 448 3910,3273
17,Titin Wasita,murtisusanti@example.org,(008) 520-9063,3173
18,Puti Zelda Yulianti,orahimah@example.org,+62 (0788) 767-7886,3171
19,Johan Maheswara,stamba@example.net,+62 (991) 105 6916,3175
20,Hendra Habibi,namagakenzie@example.com,+62-607-355-6809,6472
21,"R.M. Saka Gunawan, S.Sos",pradanaharjaya@example.org,+62-92-116-0104,3175
22,Ir. Cici Wahyudin,tampubolonasmianto@example.net,+62 (824) 686 8353,3175
23,"Lala Pertiwi, S.Gz",awaluyo@example.com,0854373354,7371
24,Jayeng Wastuti,umarwahyuni@example.com,(099) 327 9723,3171
25,Naradi Napitupulu,laksmiwatimaryanto@example.org,+62 (31) 626-4322,3573
26,Ida Waluyo,qfirgantoro@example.net,087 416 5962,3578
27,Lala Puspita,hsimanjuntak@example.org,+62 (046) 792 1696,6472
28,Setya Dongoran,imansur@example.org,+62-345-420-2098,3175
29,Dr. Sakura Pradipta,jgunarto@example.org,+62 (095) 172 0694,3175
30,"Vanesa Riyanti, S.Pt",mayasarititin@example.com,+62-082-198-6881,1371
31,Sadina Jailani,malika27@example.com,+62 (0976) 520 9298,3578
32,Prabowo Setiawan,latuponobudi@example.org,(056) 633 5927,3175
33,Cemani Rajasa,kayunnamaga@example.org,+62 (057) 200-3808,6472
34,"Tgk. Ika Mangunsong, S.H.",vrahimah@example.com,+62-02-993-9793,1371
35,Hamzah Hutagalung,salimah09@example.net,(0163) 942 5297,1371
36,Nrima Pratiwi,bakda92@example.com,+62-084-822-9097,6472
37,Najwa Nasyidah,jagaraga19@example.com,(049) 306 2903,3273
38,"Nadia Rahayu, S.IP",sihombingdalimin@example.org,+62 (0600) 277-3042,3173
39,"Oskar Maulana, M.Ak",prabowofarhunnisa@example.net,+62-02-665-7444,5171
40,Lukman Mulyani,bakijan10@example.org,+62 (00) 929 1785,5171
41,Puti Saputra,tusada@example.com,(049) 299 3389,6471
42,Ophelia Prasetyo,qsiregar@example.org,+62 (083) 197-4885,5171
43,Puji Santoso,jayenghariyah@example.com,(055) 154 1109,3171
44,"R.M. Prabawa Prasasta, M.Farm",halimahteddy@example.com,(099) 925-9670,5171
45,Yance Thamrin,gantarsetiawan@example.org,+62 (086) 634-1984,3573
46,Irwan Nasyidah,latif02@example.net,+62 (0863) 913-0582,3174
47,Diah Fujiati,ida87@example.org,(086) 081 7658,3171
48,Drs. Calista Aryani,kayla95@example.org,+62 (075) 225-3568,5171
49,Dian Rahimah,tarihoranakarsana@example.net,083 139 8837,3578
50,Harimurti Hutagalung,esantoso@example.com,+62 (981) 244 1777,1375
51,"Raina Natsir, S.E.",pudjiastutitirtayasa@example.net,+62 (051) 048 2817,1371
52,Ana Halimah,lnarpati@example.net,087 612 1836,6471
53,Dian Palastri,saefullahkarna@example.org,+62-0224-531-1811,3471
54,"dr. Dewi Napitupulu, S.Sos",baktiononajmudin@example.com,+62-483-969-8530,7371
55,Alika Iswahyudi,emin14@example.org,+62 (0142) 836-1593,1375
56,Wage Yuliarti,yriyanti@example.net,+62 (062) 817-3203,1371
57,Raina Nasyiah,wardi06@example.net,+62 (46) 990 7449,6472
58,Unjani Nasyiah,novi36@example.org,+62 (053) 699-7387,3171
59,R.A. Cinta Prakasa,adiarja56@example.com,(0507) 439 7909,3175
60,"Dr. Cawisadi Kusmawati, S.H.",abyasa52@example.com,+62 (034) 674 6894,3171
61,Cakrajiya Hidayat,jaswadi08@example.com,+62 (0265) 471 2384,3175
62,"KH. Ajimat Andriani, S.E.",gmaryadi@example.com,+62 (80) 183-1683,3273
63,Puji Gunarto,dadriansyah@example.net,+62 (085) 105-3534,3175
64,"Cakrawangsa Widodo, S.H.",nataliamanullang@example.com,+62 (091) 607-0777,3174
65,Gara Sihombing,kunthara76@example.org,+62 (0600) 972 0720,1375
66,"R. Hari Damanik, M.Pd",paris84@example.net,+62-00-562-5430,3171
67,Ulva Uyainah,baktianto78@example.org,(0600) 706 7988,3471
68,"Tgk. Jessica Astuti, S.I.Kom",sabrinakurniawan@example.com,+62 (970) 270-2501,7371
69,"R. Yusuf Handayani, S.Farm",ardiantobagya@example.net,087 994 2149,3174
70,Eko Hastuti,luwar34@example.com,(0754) 902 1202,3573
71,Ina Tarihoran,wnababan@example.org,+62-0277-250-8749,3172
72,"Hj. Calista Pratama, S.Ked",balijanrahmawati@example.org,(011) 255 5092,3471
73,Sutan Eka Suryatmi,prakasamursita@example.net,+62 (08) 076 3014,6472
74,Hani Anggraini,suartinihasim@example.org,+62 (32) 454 5069,3174
75,Ir. Devi Nasyiah,lurhurnababan@example.org,+62-27-945-0522,3573
76,Purwa Lailasari,michelle20@example.com,(0117) 331-3293,3173
77,Garda Irawan,bahuwiryasihombing@example.org,+62 (0497) 077 1049,6472
78,Usyi Marbun,utamaanggriawan@example.com,+62 (07) 436 2724,3173
79,Arsipatra Simbolon,mansurmursinin@example.com,(0225) 572-1369,7371
80,"Wani Zulaika, S.Gz",iandriani@example.org,+62 (88) 627-0719,3173
81,Yance Zulkarnain,kurniawanajiman@example.org,+62 (464) 950 3469,3175
82,Michelle Novitasari,nurainiazalea@example.org,+62-30-812-0606,3173
83,Harimurti Oktaviani,saptonocakrawala@example.net,(0782) 272-5755,6472
84,Cindy Permadi,bakiman84@example.org,+62 (26) 511-9201,7371
85,Amalia Zulaika,suryatmimaida@example.org,+62 (29) 032 9612,1371
86,Ir. Ibrahim Napitupulu,xjanuar@example.org,(0305) 528 8292,3471
87,"KH. Jono Puspasari, S.Farm",ida55@example.net,(048) 804-3572,1375
88,"Violet Nashiruddin, S.Kom",ulya92@example.net,+62-061-414-1746,6471
89,Eli Simbolon,edi73@example.com,+62 (071) 291 6197,3174
90,Adiarja Situmorang,latikadongoran@example.net,0840198341,3471
91,R. Mursita Hastuti,pia37@example.net,+62-423-471-0834,3174
92,Tgk. Salsabila Rajasa,hsihombing@example.org,+62 (02) 508 9218,6471
93,Dasa Prakasa,nhardiansyah@example.org,(0163) 856 6628,6471
94,Ajimat Sihombing,cici65@example.com,+62-894-684-4427,3172
95,Heru Padmasari,ibranihartati@example.net,+62 (0894) 210-5289,3173
96,Maya Wibisono,corneliabudiyanto@example.com,083 667 2527,3173
97,Ajimin Haryanto,adinata59@example.org,+62-253-079-3945,6472
98,Ir. Zamira Susanti,mangunsongamelia@example.net,+62-065-110-5830,1371
99,Martaka Sudiati,cici20@example.org,(028) 738-3621,3175
100,"Cut Lili Puspita, M.TI.",sudiatishania@example.org,+62-0482-790-6843,6471
